pair	reference	informant	distance	W	step	genes	window_bp	cds_bases	aligned_fraction	win_called	win_tested	win_identical	win_saturated	win_too_few_codons	tp	fp	fn	tn	sensitivity	precision	f1	mcc	aligned_tp	aligned_fp	aligned_fn	aligned_tn	aligned_sensitivity	aligned_precision	aligned_f1	aligned_mcc	sens_0-60	sens_60-100	sens_100-200	sens_200-400	sens_400-
human	hg38	panTro4	0.013	90	30	8	59830	7941	0.979	0	1165	776	0	34	0	0	7941	111719	0.000				0	0	7941	109253	0.000				0.000	0.000	0.000	0.000	0.000
human	hg38	panTro4	0.013	150	50	8	59830	7941	0.979	0	892	266	0	18	0	0	7941	111719	0.000				0	0	7941	109253	0.000				0.000	0.000	0.000	0.000	0.000
human	hg38	panTro4	0.013	300	100	8	59830	7941	0.979	0	530	42	0	6	0	0	7941	111719	0.000				0	0	7941	109253	0.000				0.000	0.000	0.000	0.000	0.000
human	hg38	panTro4	0.013	600	200	8	59830	7941	0.979	0	272	6	0	0	0	0	7941	111719	0.000				0	0	7941	109253	0.000				0.000	0.000	0.000	0.000	0.000
human	hg38	rheMac3	0.080	90	30	8	59830	7941	0.923	1	1826	27	0	121	0	90	7941	111629	0.000	0.000	0.000	-0.007	0	90	7941	102429	0.000	0.000	0.000	-0.008	0.000	0.000	0.000	0.000	0.000
human	hg38	rheMac3	0.080	150	50	8	59830	7941	0.923	3	1110	4	0	59	198	152	7743	111567	0.025	0.566	0.048	0.109	198	152	7743	102367	0.025	0.566	0.048	0.108	0.000	0.000	0.000	0.083	0.026
human	hg38	rheMac3	0.080	300	100	8	59830	7941	0.923	25	534	0	0	19	1031	4969	6910	106750	0.130	0.172	0.148	0.097	1031	4786	6910	97733	0.130	0.177	0.150	0.096	0.000	0.000	0.000	0.256	0.251
human	hg38	rheMac3	0.080	600	200	8	59830	7941	0.923	32	240	0	0	6	2337	12863	5604	98856	0.294	0.154	0.202	0.134	2337	12271	5604	90248	0.294	0.160	0.207	0.133	0.157	0.000	0.165	0.135	0.649
human	hg38	canFam3	0.332	90	30	8	59830	7941	0.615	5	1251	0	0	719	437	13	7504	111706	0.055	0.971	0.104	0.223	437	13	7368	65720	0.056	0.971	0.106	0.220	0.000	0.000	0.031	0.102	0.074
human	hg38	canFam3	0.332	150	50	8	59830	7941	0.615	59	776	0	0	341	3701	1749	4240	109970	0.466	0.679	0.553	0.538	3701	1631	4104	64102	0.474	0.694	0.563	0.534	0.000	0.000	0.443	0.335	0.766
human	hg38	canFam3	0.332	300	100	8	59830	7941	0.615	96	356	0	0	126	5086	13814	2855	97905	0.640	0.269	0.379	0.353	5070	12652	2735	53081	0.650	0.286	0.397	0.329	0.202	0.477	0.444	0.706	0.931
human	hg38	canFam3	0.332	600	200	8	59830	7941	0.615	108	129	0	0	41	6393	32007	1548	79712	0.805	0.166	0.276	0.277	6362	25555	1443	40178	0.815	0.199	0.320	0.265	0.470	0.630	0.676	0.879	1.000
human	hg38	mm10	0.502	90	30	8	59830	7941	0.522	19	1068	0	3	885	1094	196	6847	111523	0.138	0.848	0.237	0.328	1094	185	6757	54420	0.139	0.855	0.240	0.318	0.166	0.000	0.185	0.126	0.123
human	hg38	mm10	0.502	150	50	8	59830	7941	0.522	72	640	0	0	464	4955	2495	2986	109224	0.624	0.665	0.644	0.620	4952	2361	2899	52244	0.631	0.677	0.653	0.606	0.166	0.264	0.626	0.541	0.834
human	hg38	mm10	0.502	300	100	8	59830	7941	0.522	96	285	0	0	197	6078	12022	1863	99697	0.765	0.336	0.467	0.457	6075	10129	1776	44476	0.774	0.375	0.505	0.445	0.322	0.582	0.735	0.716	0.943
human	hg38	mm10	0.502	600	200	8	59830	7941	0.522	111	88	0	0	79	6805	30195	1136	81524	0.857	0.184	0.303	0.316	6767	21347	1084	33258	0.862	0.241	0.376	0.314	0.789	0.733	0.782	0.839	1.000
human	hg38	galGal4	1.166	90	30	8	59830	7941	0.162	2	298	0	0	1675	90	90	7851	111629	0.011	0.500	0.022	0.068	90	87	5923	13280	0.015	0.508	0.029	0.041	0.000	0.000	0.031	0.000	0.000
human	hg38	galGal4	1.166	150	50	8	59830	7941	0.162	16	227	0	1	932	813	1037	7128	110682	0.102	0.439	0.166	0.188	810	886	5203	12481	0.135	0.478	0.210	0.112	0.000	0.000	0.116	0.200	0.061
human	hg38	galGal4	1.166	300	100	8	59830	7941	0.162	39	128	0	0	411	1588	5112	6353	106607	0.200	0.237	0.217	0.167	1582	3481	4431	9886	0.263	0.312	0.286	0.003	0.000	0.280	0.214	0.200	0.190
human	hg38	galGal4	1.166	600	200	8	59830	7941	0.162	34	74	0	0	170	3106	9294	4835	102425	0.391	0.250	0.305	0.252	2976	3881	3037	9486	0.495	0.434	0.462	0.198	0.572	0.871	0.460	0.275	0.236
human	hg38	danRer10	2.068	90	30	8	59830	7941	0.106	0	196	0	1	1778	0	0	7941	111719	0.000				0	0	4295	8355	0.000				0.000	0.000	0.000	0.000	0.000
human	hg38	danRer10	2.068	150	50	8	59830	7941	0.106	5	158	0	0	1013	290	360	7651	111359	0.037	0.446	0.068	0.113	290	307	4005	8048	0.068	0.486	0.119	0.069	0.000	0.000	0.100	0.000	0.000
human	hg38	danRer10	2.068	300	100	8	59830	7941	0.106	12	97	0	0	469	503	2197	7438	109522	0.063	0.186	0.095	0.073	503	1374	3792	6981	0.117	0.268	0.163	-0.063	0.166	0.000	0.116	0.069	0.000
human	hg38	danRer10	2.068	600	200	8	59830	7941	0.106	17	63	0	0	198	1670	4930	6271	106789	0.210	0.253	0.230	0.181	1617	2008	2678	6347	0.376	0.446	0.408	0.143	0.166	0.280	0.198	0.470	0.040
mouse	mm39	rn6	0.174	90	30	8	68410	12843	0.942	13	2147	31	0	69	630	240	12213	123737	0.049	0.724	0.092	0.173	630	240	12211	115821	0.049	0.724	0.092	0.172	0.000	0.000	0.000	0.000	0.182
mouse	mm39	rn6	0.174	150	50	8	68410	12843	0.942	47	1279	6	0	17	2692	2108	10151	121869	0.210	0.561	0.305	0.305	2692	2072	10149	113989	0.210	0.565	0.306	0.304	0.088	0.131	0.132	0.110	0.448
mouse	mm39	rn6	0.174	300	100	8	68410	12843	0.942	83	583	0	0	0	4780	11720	8063	112257	0.372	0.290	0.326	0.249	4778	11247	8063	104814	0.372	0.298	0.331	0.250	0.312	0.166	0.236	0.257	0.740
mouse	mm39	rn6	0.174	600	200	8	68410	12843	0.942	94	230	0	0	0	8266	26534	4577	97443	0.644	0.238	0.347	0.288	8264	24794	4577	91267	0.644	0.250	0.360	0.295	0.652	0.416	0.648	0.382	1.000
mouse	mm39	hg38	0.524	90	30	8	68410	12843	0.653	62	1465	2	0	731	3208	662	9635	123315	0.250	0.829	0.384	0.430	3199	658	9427	76102	0.253	0.829	0.388	0.420	0.000	0.092	0.190	0.358	0.295
mouse	mm39	hg38	0.524	150	50	8	68410	12843	0.653	127	851	0	0	371	7919	3231	4924	120746	0.617	0.710	0.660	0.630	7906	3089	4720	73671	0.626	0.719	0.669	0.621	0.000	0.175	0.492	0.797	0.812
mouse	mm39	hg38	0.524	300	100	8	68410	12843	0.653	153	368	0	0	145	9982	16918	2861	107059	0.777	0.371	0.502	0.470	9968	15108	2658	61652	0.789	0.398	0.529	0.459	0.382	0.598	0.678	0.810	0.970
mouse	mm39	hg38	0.524	600	200	8	68410	12843	0.653	146	132	0	0	46	11252	38948	1591	85029	0.876	0.224	0.357	0.340	11223	30754	1403	46006	0.889	0.267	0.411	0.341	0.827	0.626	0.801	0.943	1.000
mouse	mm39	canFam4	0.579	90	30	8	68410	12843	0.601	68	1354	5	0	833	3577	323	9266	123654	0.279	0.917	0.427	0.484	3572	313	8043	70302	0.308	0.919	0.461	0.498	0.000	0.092	0.259	0.374	0.303
mouse	mm39	canFam4	0.579	150	50	8	68410	12843	0.601	142	782	1	0	424	8428	3522	4415	120455	0.656	0.705	0.680	0.649	8411	3137	3204	67478	0.724	0.728	0.726	0.681	0.000	0.227	0.601	0.759	0.849
mouse	mm39	canFam4	0.579	300	100	8	68410	12843	0.601	156	330	0	0	180	10102	15598	2741	108379	0.787	0.393	0.524	0.493	10081	12972	1534	57643	0.868	0.437	0.582	0.531	0.697	0.560	0.617	0.870	0.999
mouse	mm39	canFam4	0.579	600	200	8	68410	12843	0.601	146	102	0	0	76	10950	37050	1893	86927	0.853	0.228	0.360	0.338	10929	28481	686	42134	0.941	0.277	0.428	0.375	1.000	0.594	0.769	0.891	1.000
mouse	mm39	galGal6	1.314	90	30	8	68410	12843	0.126	5	282	0	1	1972	318	12	12525	123965	0.025	0.964	0.048	0.147	318	6	6287	10585	0.048	0.981	0.092	0.170	0.000	0.000	0.000	0.089	0.000
mouse	mm39	galGal6	1.314	150	50	8	68410	12843	0.126	24	216	0	0	1109	1534	966	11309	123011	0.119	0.614	0.200	0.243	1484	695	5121	9896	0.225	0.681	0.338	0.233	0.000	0.000	0.098	0.225	0.095
mouse	mm39	galGal6	1.314	300	100	8	68410	12843	0.126	45	128	0	0	493	3456	4844	9387	119133	0.269	0.416	0.327	0.281	3167	1807	3438	8784	0.479	0.637	0.547	0.331	0.206	0.139	0.232	0.467	0.167
mouse	mm39	galGal6	1.314	600	200	8	68410	12843	0.126	47	81	0	0	196	4479	13921	8364	110056	0.349	0.243	0.287	0.202	3991	3331	2614	7260	0.604	0.545	0.573	0.285	0.336	0.321	0.301	0.591	0.167
fly	dm6	droSim2	0.099	90	30	8	39338	17194	0.982	4	1189	93	0	5	210	90	16984	61392	0.012	0.700	0.024	0.072	210	90	16954	60006	0.012	0.700	0.024	0.072	0.000	0.000	0.000	0.033	0.010
fly	dm6	droSim2	0.099	150	50	8	39338	17194	0.982	25	730	12	0	0	2164	536	15030	60946	0.126	0.801	0.218	0.266	2164	536	15000	59560	0.126	0.801	0.218	0.265	0.000	0.000	0.000	0.043	0.165
fly	dm6	droSim2	0.099	300	100	8	39338	17194	0.982	65	309	0	0	0	8577	2623	8617	58859	0.499	0.766	0.604	0.540	8565	2569	8599	57527	0.499	0.769	0.605	0.540	0.000	0.000	0.102	0.367	0.601
fly	dm6	droSim2	0.099	600	200	8	39338	17194	0.982	60	117	0	0	0	13654	5146	3540	56336	0.794	0.726	0.759	0.688	13651	5070	3513	55026	0.795	0.729	0.761	0.690	0.235	0.586	0.357	0.723	0.873
fly	dm6	droYak3	0.228	90	30	8	39338	17194	0.946	31	1210	19	0	31	1500	510	15694	60972	0.087	0.746	0.156	0.207	1500	510	15425	56979	0.089	0.746	0.158	0.206	0.000	0.000	0.000	0.167	0.085
fly	dm6	droYak3	0.228	150	50	8	39338	17194	0.946	150	606	2	0	9	10184	2216	7010	59266	0.592	0.821	0.688	0.631	10169	2189	6756	55300	0.601	0.823	0.695	0.634	0.000	0.000	0.236	0.575	0.670
fly	dm6	droYak3	0.228	300	100	8	39338	17194	0.946	138	236	0	0	0	14597	4203	2597	57279	0.849	0.776	0.811	0.756	14549	3978	2376	53511	0.860	0.785	0.821	0.766	0.000	0.421	0.375	0.802	0.941
fly	dm6	droYak3	0.228	600	200	8	39338	17194	0.946	92	85	0	0	0	15821	10179	1373	51303	0.920	0.609	0.733	0.663	15769	9613	1156	47876	0.932	0.621	0.745	0.676	0.538	0.843	0.882	0.728	0.974
fly	dm6	droAna3	1.054	90	30	8	39338	17194	0.803	67	1027	0	6	191	2961	1419	14233	60063	0.172	0.676	0.274	0.269	2961	1408	13716	45107	0.178	0.678	0.281	0.256	0.000	0.000	0.133	0.255	0.169
fly	dm6	droAna3	1.054	150	50	8	39338	17194	0.803	242	443	0	0	82	7554	12496	9640	48986	0.439	0.377	0.406	0.224	7505	12144	9172	34371	0.450	0.382	0.413	0.180	0.000	0.455	0.295	0.505	0.444
fly	dm6	droAna3	1.054	300	100	8	39338	17194	0.803	184	163	0	0	27	10720	17980	6474	43502	0.623	0.374	0.467	0.284	10581	16495	6096	30020	0.634	0.391	0.484	0.249	0.370	0.877	0.965	0.816	0.534
fly	dm6	droAna3	1.054	600	200	8	39338	17194	0.803	115	58	0	0	4	14465	22535	2729	38947	0.841	0.391	0.534	0.393	14323	19261	2354	27254	0.859	0.426	0.570	0.393	1.000	1.000	1.000	0.910	0.800
fly	dm6	droPse3	1.587	90	30	8	39338	17194	0.673	86	831	1	1	372	4230	840	12964	60642	0.246	0.834	0.380	0.391	4230	828	10617	37285	0.285	0.836	0.425	0.402	0.000	0.146	0.144	0.244	0.265
fly	dm6	droPse3	1.587	150	50	8	39338	17194	0.673	210	389	0	2	166	10376	7374	6818	54108	0.603	0.585	0.594	0.478	10290	6885	4557	31228	0.693	0.599	0.643	0.492	0.000	0.278	0.222	0.562	0.676
fly	dm6	droPse3	1.587	300	100	8	39338	17194	0.673	159	155	0	0	60	12923	11377	4271	50105	0.752	0.532	0.623	0.507	12694	9552	2153	28561	0.855	0.571	0.684	0.550	0.034	0.625	0.472	0.655	0.816
fly	dm6	droPse3	1.587	600	200	8	39338	17194	0.673	103	56	0	0	18	14388	19212	2806	42270	0.837	0.428	0.567	0.438	14030	14911	817	23202	0.945	0.485	0.641	0.500	0.866	0.893	0.559	0.768	0.879
fly	dm6	anoGam3	3.839	90	30	8	39338	17194	0.385	14	496	0	1	780	767	313	16427	61169	0.045	0.710	0.084	0.140	767	303	13114	16122	0.055	0.717	0.103	0.099	0.000	0.000	0.000	0.000	0.062
fly	dm6	anoGam3	3.839	150	50	8	39338	17194	0.385	52	304	0	0	411	2397	2153	14797	59329	0.139	0.527	0.220	0.185	2384	2003	11497	14422	0.172	0.543	0.261	0.071	0.000	0.000	0.000	0.074	0.177
fly	dm6	anoGam3	3.839	300	100	8	39338	17194	0.385	95	106	0	0	173	5119	10981	12075	50501	0.298	0.318	0.308	0.122	4861	9144	9020	7281	0.350	0.347	0.349	-0.206	0.000	0.239	0.152	0.170	0.347
fly	dm6	anoGam3	3.839	600	200	8	39338	17194	0.385	78	36	0	0	63	9970	17030	7224	44452	0.580	0.369	0.451	0.264	9080	11210	4801	5215	0.654	0.448	0.531	-0.030	0.134	0.536	0.514	0.532	0.604
worm	ce11	caeJap4	1.121	90	30	8	38707	16516	0.436	0	596	0	0	674	0	0	16516	60898	0.000				0	0	7761	25965	0.000				0.000	0.000	0.000	0.000	0.000
worm	ce11	caeJap4	1.121	150	50	8	38707	16516	0.436	9	384	0	0	360	150	850	16366	60048	0.009	0.150	0.017	-0.018	147	829	7614	25136	0.019	0.151	0.034	-0.033	0.000	0.000	0.000	0.000	0.023
worm	ce11	caeJap4	1.121	300	100	8	38707	16516	0.436	43	173	0	0	151	1679	6921	14837	53977	0.102	0.195	0.134	-0.016	1655	5796	6106	20169	0.213	0.222	0.218	-0.010	0.000	0.252	0.197	0.098	0.032
worm	ce11	caeJap4	1.121	600	200	8	38707	16516	0.436	58	56	0	0	59	5073	17527	11443	43371	0.307	0.224	0.259	0.017	4880	12038	2881	13927	0.629	0.288	0.395	0.139	0.000	0.401	0.407	0.542	0.048
worm	ce11	caeRem4	1.137	90	30	8	38707	16516	0.589	8	753	0	7	502	295	305	16221	60593	0.018	0.492	0.034	0.060	295	300	14187	30782	0.020	0.496	0.039	0.044	0.000	0.000	0.024	0.039	0.000
worm	ce11	caeRem4	1.137	150	50	8	38707	16516	0.589	48	485	0	1	219	1572	3428	14944	57470	0.095	0.314	0.146	0.065	1555	3203	12927	27879	0.107	0.327	0.162	0.007	0.000	0.000	0.176	0.155	0.016
worm	ce11	caeRem4	1.137	300	100	8	38707	16516	0.589	111	172	0	0	84	5951	14249	10565	46649	0.360	0.295	0.324	0.118	5863	11959	8619	19123	0.405	0.329	0.363	0.019	0.438	0.196	0.544	0.416	0.236
worm	ce11	caeRem4	1.137	600	200	8	38707	16516	0.589	100	48	0	0	25	9415	24585	7101	36313	0.570	0.277	0.373	0.137	9246	17180	5236	13902	0.638	0.350	0.452	0.081	0.839	0.674	0.652	0.543	0.528
worm	ce11	caeAng2	1.249	90	30	8	38707	16516	0.484	0	667	0	2	601	0	0	16516	60898	0.000				0	0	10333	27129	0.000				0.000	0.000	0.000	0.000	0.000
worm	ce11	caeAng2	1.249	150	50	8	38707	16516	0.484	4	427	0	0	322	340	160	16176	60738	0.021	0.680	0.040	0.092	340	157	9993	26972	0.033	0.684	0.063	0.106	0.000	0.000	0.000	0.035	0.023
worm	ce11	caeAng2	1.249	300	100	8	38707	16516	0.484	25	214	0	0	128	1962	3538	14554	57360	0.119	0.357	0.178	0.097	1911	2783	8422	24346	0.185	0.407	0.254	0.111	0.000	0.000	0.094	0.238	0.052
worm	ce11	caeAng2	1.249	600	200	8	38707	16516	0.484	59	69	0	0	45	5984	15216	10532	45682	0.362	0.282	0.317	0.103	5161	11256	5172	15873	0.499	0.314	0.386	0.076	0.000	0.396	0.272	0.416	0.368
worm	ce11	C_briggsae	1.306	90	30	8	38707	16516	0.596	7	772	0	3	488	120	330	16396	60568	0.007	0.267	0.014	0.010	120	318	14310	31402	0.008	0.274	0.016	-0.008	0.000	0.000	0.034	0.000	0.000
worm	ce11	C_briggsae	1.306	150	50	8	38707	16516	0.596	44	510	0	3	196	714	4036	15802	56862	0.043	0.150	0.067	-0.039	714	3729	13716	27991	0.049	0.161	0.076	-0.107	0.000	0.000	0.119	0.053	0.000
worm	ce11	C_briggsae	1.306	300	100	8	38707	16516	0.596	106	194	0	0	67	4650	14950	11866	45948	0.282	0.237	0.258	0.034	4594	12384	9836	19336	0.318	0.271	0.293	-0.069	0.438	0.515	0.415	0.289	0.167
worm	ce11	C_briggsae	1.306	600	200	8	38707	16516	0.596	100	56	0	0	17	9864	24736	6652	36162	0.597	0.285	0.386	0.157	9562	16760	4868	14960	0.663	0.363	0.469	0.126	0.839	0.584	0.825	0.532	0.525
