leaf	clade	family	class	match	source
Homo_sapiens	Primates	Hominidae	Mammalia	EXACT	gbif 2026-09-09
Pan_paniscus	Primates	Hominidae	Mammalia	EXACT	gbif 2026-09-09
Pan_troglodytes	Primates	Hominidae	Mammalia	EXACT	gbif 2026-09-09
Gorilla_gorilla_gorilla	Primates	Hominidae	Mammalia	EXACT	gbif 2026-09-09
Pongo_abelii	Primates	Hominidae	Mammalia	EXACT	gbif 2026-09-09
Nomascus_leucogenys	Primates	Hylobatidae	Mammalia	EXACT	gbif 2026-09-09
Hylobates_moloch	Primates	Hylobatidae	Mammalia	EXACT	gbif 2026-09-09
Macaca_nemestrina	Primates	Cercopithecidae	Mammalia	EXACT	gbif 2026-09-09
Theropithecus_gelada	Primates	Cercopithecidae	Mammalia	EXACT	gbif 2026-09-09
Macaca_fascicularis	Primates	Cercopithecidae	Mammalia	EXACT	gbif 2026-09-09
Cercopithecus_mona	Primates	Cercopithecidae	Mammalia	EXACT	gbif 2026-09-09
Piliocolobus_tephrosceles	Primates	Cercopithecidae	Mammalia	EXACT	gbif 2026-09-09
Cercocebus_atys	Primates	Cercopithecidae	Mammalia	EXACT	gbif 2026-09-09
Mandrillus_leucophaeus	Primates	Cercopithecidae	Mammalia	EXACT	gbif 2026-09-09
Colobus_angolensis_palliatus	Primates	Cercopithecidae	Mammalia	EXACT	gbif 2026-09-09
Papio_anubis	Primates	Cercopithecidae	Mammalia	EXACT	gbif 2026-09-09
Mandrillus_sphinx	Primates	Cercopithecidae	Mammalia	EXACT	gbif 2026-09-09
Macaca_mulatta	Primates	Cercopithecidae	Mammalia	EXACT	gbif 2026-09-09
Semnopithecus_entellus	Primates	Cercopithecidae	Mammalia	EXACT	gbif 2026-09-09
Macaca_fuscata	Primates	Cercopithecidae	Mammalia	EXACT	gbif 2026-09-09
Trachypithecus_francoisi	Primates	Cercopithecidae	Mammalia	EXACT	gbif 2026-09-09
Rhinopithecus_bieti	Primates	Cercopithecidae	Mammalia	EXACT	gbif 2026-09-09
Pygathrix_nemaeus	Primates	Cercopithecidae	Mammalia	EXACT	gbif 2026-09-09
Rhinopithecus_roxellana	Primates	Cercopithecidae	Mammalia	EXACT	gbif 2026-09-09
Cercopithecus_neglectus	Primates	Cercopithecidae	Mammalia	EXACT	gbif 2026-09-09
Nasalis_larvatus	Primates	Cercopithecidae	Mammalia	EXACT	gbif 2026-09-09
Allenopithecus_nigroviridis	Primates	Cercopithecidae	Mammalia	EXACT	gbif 2026-09-09
Chlorocebus_sabaeus	Primates	Cercopithecidae	Mammalia	EXACT	gbif 2026-09-09
Erythrocebus_patas	Primates	Cercopithecidae	Mammalia	EXACT	gbif 2026-09-09
Pithecia_pithecia	Primates	Pitheciidae	Mammalia	EXACT	gbif 2026-09-09
Ateles_geoffroyi	Primates	Atelidae	Mammalia	EXACT	gbif 2026-09-09
Aotus_nancymaae	Primates	Aotidae	Mammalia	EXACT	gbif 2026-09-09
Plecturocebus_donacophilus	Primates	Pitheciidae	Mammalia	EXACT	gbif 2026-09-09
Alouatta_palliata	Primates	Atelidae	Mammalia	EXACT	gbif 2026-09-09
Saimiri_boliviensis	Primates	Cebidae	Mammalia	EXACT	gbif 2026-09-09
Saguinus_imperator	Primates	Callitrichidae	Mammalia	EXACT	gbif 2026-09-09
Saimiri_boliviensis_boliviensis	Primates	Cebidae	Mammalia	EXACT	gbif 2026-09-09
Callithrix_jacchus	Primates	Callitrichidae	Mammalia	EXACT	gbif 2026-09-09
Callithrix_pygmaea	Primates	Callitrichidae	Mammalia	EXACT	gbif 2026-09-09
Sapajus_apella	Primates	Cebidae	Mammalia	EXACT	gbif 2026-09-09
Cebus_capucinus_imitator	Primates	Cebidae	Mammalia	EXACT	gbif 2026-09-09
Cebus_albifrons	Primates	Cebidae	Mammalia	EXACT	gbif 2026-09-09
Daubentonia_madagascariensis	Primates	Daubentoniidae	Mammalia	EXACT	gbif 2026-09-09
Propithecus_coquereli	Primates	Indriidae	Mammalia	EXACT	gbif 2026-09-09
Galeopterus_variegatus	Dermoptera	Cynocephalidae	Mammalia	EXACT	gbif 2026-09-09
Indri_indri	Primates	Indriidae	Mammalia	EXACT	gbif 2026-09-09
Eulemur_fulvus	Primates	Lemuridae	Mammalia	EXACT	gbif 2026-09-09
Lemur_catta	Primates	Lemuridae	Mammalia	EXACT	gbif 2026-09-09
Eulemur_flavifrons	Primates	Lemuridae	Mammalia	EXACT	gbif 2026-09-09
Prolemur_simus	Primates	Lemuridae	Mammalia	EXACT	gbif 2026-09-09
Eulemur_mongoz	Primates	Lemuridae	Mammalia	EXACT	gbif 2026-09-09
Eulemur_flavifrons	Primates	Lemuridae	Mammalia	EXACT	gbif 2026-09-09
Cheirogaleus_medius	Primates	Cheirogaleidae	Mammalia	EXACT	gbif 2026-09-09
Eulemur_macaco	Primates	Lemuridae	Mammalia	EXACT	gbif 2026-09-09
Carlito_syrichta	Primates	Tarsiidae	Mammalia	EXACT	gbif 2026-09-09
Microcebus_murinus	Primates	Cheirogaleidae	Mammalia	EXACT	gbif 2026-09-09
Mirza_coquereli	Primates	Cheirogaleidae	Mammalia	EXACT	gbif 2026-09-09
Mirza_zaza	Primates	Cheirogaleidae	Mammalia	EXACT	gbif 2026-09-09
Microcebus_sp	Primates	Cheirogaleidae	Mammalia	HIGHERRANK	gbif 2026-09-09
Microcebus_tavaratra	Primates	Cheirogaleidae	Mammalia	EXACT	gbif 2026-09-09
Nycticebus_coucang	Primates	Lorisidae	Mammalia	EXACT	gbif 2026-09-09
Otolemur_garnettii	Primates	Galagidae	Mammalia	EXACT	gbif 2026-09-09
Tapirus_terrestris	Perissodactyla	Tapiridae	Mammalia	EXACT	gbif 2026-09-09
Rhinoceros_unicornis	Perissodactyla	Rhinocerotidae	Mammalia	EXACT	gbif 2026-09-09
Tapirus_indicus	Perissodactyla	Tapiridae	Mammalia	EXACT	gbif 2026-09-09
Tapirus_indicus	Perissodactyla	Tapiridae	Mammalia	EXACT	gbif 2026-09-09
Diceros_bicornis	Perissodactyla	Rhinocerotidae	Mammalia	EXACT	gbif 2026-09-09
Dicerorhinus_sumatrensis_sumatrensis	Perissodactyla	Rhinocerotidae	Mammalia	EXACT	gbif 2026-09-09
Ceratotherium_simum_simum	Perissodactyla	Rhinocerotidae	Mammalia	EXACT	gbif 2026-09-09
Ceratotherium_simum_cottoni	Perissodactyla	Rhinocerotidae	Mammalia	EXACT	gbif 2026-09-09
Equus_burchellii_boehmi	Perissodactyla	Equidae	Mammalia	EXACT	gbif 2026-09-09
Equus_przewalskii	Perissodactyla	Equidae	Mammalia	EXACT	gbif 2026-09-09
Equus_caballus	Perissodactyla	Equidae	Mammalia	EXACT	gbif 2026-09-09
Equus_asinus	Perissodactyla	Equidae	Mammalia	EXACT	gbif 2026-09-09
Equus_asinus_asinus	Perissodactyla	Equidae	Mammalia	EXACT	gbif 2026-09-09
Eubalaena_glacialis	Cetacea	Balaenidae	Mammalia	EXACT	gbif 2026-09-09
Sciurus_carolinensis	Rodentia	Sciuridae	Mammalia	EXACT	gbif 2026-09-09
Eubalaena_japonica	Cetacea	Balaenidae	Mammalia	EXACT	gbif 2026-09-09
Sciurus_vulgaris	Rodentia	Sciuridae	Mammalia	EXACT	gbif 2026-09-09
Balaenoptera_acutorostrata_scammoni	Cetacea	Balaenopteridae	Mammalia	EXACT	gbif 2026-09-09
Balaenoptera_bonaerensis	Cetacea	Balaenopteridae	Mammalia	EXACT	gbif 2026-09-09
Xerus_inauris	Rodentia	Sciuridae	Mammalia	EXACT	gbif 2026-09-09
Megaptera_novaeangliae	Cetacea	Balaenopteridae	Mammalia	EXACT	gbif 2026-09-09
Balaenoptera_physalus	Cetacea	Balaenopteridae	Mammalia	EXACT	gbif 2026-09-09
Balaena_mysticetus	Cetacea	Balaenidae	Mammalia	EXACT	gbif 2026-09-09
Balaenoptera_musculus	Cetacea	Balaenopteridae	Mammalia	EXACT	gbif 2026-09-09
Tupaia_chinensis	Scandentia	Tupaiidae	Mammalia	HIGHERRANK	gbif 2026-09-09
Balaenoptera_edeni	Cetacea	Balaenopteridae	Mammalia	EXACT	gbif 2026-09-09
Aplodontia_rufa	Rodentia	Aplodontiidae	Mammalia	EXACT	gbif 2026-09-09
Marmota_flaviventris	Rodentia	Sciuridae	Mammalia	EXACT	gbif 2026-09-09
Eschrichtius_robustus	Cetacea	Eschrichtiidae	Mammalia	EXACT	gbif 2026-09-09
Physeter_catodon	Cetacea	Physeteridae	Mammalia	EXACT	gbif 2026-09-09
Physeter_catodon	Cetacea	Physeteridae	Mammalia	EXACT	gbif 2026-09-09
Marmota_marmota_marmota	Rodentia	Sciuridae	Mammalia	EXACT	gbif 2026-09-09
Mesoplodon_bidens	Cetacea	Hyperoodontidae	Mammalia	EXACT	gbif 2026-09-09
Choloepus_hoffmanni	Pilosa	Megalonychidae	Mammalia	EXACT	gbif 2026-09-09
Choloepus_didactylus	Pilosa	Megalonychidae	Mammalia	EXACT	gbif 2026-09-09
Marmota_himalayana	Rodentia	Sciuridae	Mammalia	EXACT	gbif 2026-09-09
Marmota_vancouverensis	Rodentia	Sciuridae	Mammalia	EXACT	gbif 2026-09-09
Platanista_minor	Cetacea	Platanistidae	Mammalia	EXACT	gbif 2026-09-09
Spermophilus_dauricus	Rodentia	Sciuridae	Mammalia	EXACT	gbif 2026-09-09
Marmota_monax	Rodentia	Sciuridae	Mammalia	EXACT	gbif 2026-09-09
Marmota_monax	Rodentia	Sciuridae	Mammalia	EXACT	gbif 2026-09-09
Ziphius_cavirostris	Cetacea	Hyperoodontidae	Mammalia	EXACT	gbif 2026-09-09
Urocitellus_parryii	Rodentia	Sciuridae	Mammalia	EXACT	gbif 2026-09-09
Lipotes_vexillifer	Cetacea	Lipotidae	Mammalia	EXACT	gbif 2026-09-09
Delphinapterus_leucas	Cetacea	Monodontidae	Mammalia	EXACT	gbif 2026-09-09
Inia_geoffrensis	Cetacea	Iniidae	Mammalia	EXACT	gbif 2026-09-09
Cynomys_gunnisoni	Rodentia	Sciuridae	Mammalia	EXACT	gbif 2026-09-09
Monodon_monoceros	Cetacea	Monodontidae	Mammalia	EXACT	gbif 2026-09-09
Hippopotamus_amphibius	Artiodactyla	Hippopotamidae	Mammalia	EXACT	gbif 2026-09-09
Hippopotamus_amphibius	Artiodactyla	Hippopotamidae	Mammalia	EXACT	gbif 2026-09-09
Ictidomys_tridecemlineatus	Rodentia	Sciuridae	Mammalia	EXACT	gbif 2026-09-09
Neophocaena_asiaeorientalis_asiaeorientalis	Cetacea	Phocoenidae	Mammalia	EXACT	gbif 2026-09-09
Puma_concolor	Carnivora	Felidae	Mammalia	EXACT	gbif 2026-09-09
Panthera_tigris_altaica	Carnivora	Felidae	Mammalia	EXACT	gbif 2026-09-09
Kogia_breviceps	Cetacea	Kogiidae	Mammalia	EXACT	gbif 2026-09-09
Neofelis_nebulosa	Carnivora	Felidae	Mammalia	EXACT	gbif 2026-09-09
Panthera_pardus	Carnivora	Felidae	Mammalia	EXACT	gbif 2026-09-09
Phocoena_sinus	Cetacea	Phocoenidae	Mammalia	EXACT	gbif 2026-09-09
Erignathus_barbatus	Carnivora	Phocidae	Mammalia	EXACT	gbif 2026-09-09
Glis_glis	Rodentia	Gliridae	Mammalia	EXACT	gbif 2026-09-09
Manis_tricuspis	Pholidota	Manidae	Mammalia	EXACT	gbif 2026-09-09
Dugong_dugon	Sirenia	Dugongidae	Mammalia	EXACT	gbif 2026-09-09
Panthera_onca	Carnivora	Felidae	Mammalia	EXACT	gbif 2026-09-09
Phataginus_tricuspis	Pholidota	Manidae	Mammalia	EXACT	gbif 2026-09-09
Phoca_vitulina	Carnivora	Phocidae	Mammalia	EXACT	gbif 2026-09-09
Acinonyx_jubatus	Carnivora	Felidae	Mammalia	EXACT	gbif 2026-09-09
Halichoerus_grypus	Carnivora	Phocidae	Mammalia	EXACT	gbif 2026-09-09
Choloepus_didactylus	Pilosa	Megalonychidae	Mammalia	EXACT	gbif 2026-09-09
Pedetes_capensis	Rodentia	Pedetidae	Mammalia	EXACT	gbif 2026-09-09
Phocoena_phocoena	Cetacea	Phocoenidae	Mammalia	EXACT	gbif 2026-09-09
Phocoena_phocoena	Cetacea	Phocoenidae	Mammalia	EXACT	gbif 2026-09-09
Neomonachus_schauinslandi	Carnivora	Phocidae	Mammalia	manual	manual (GBIF request reset; Hawaiian monk seal)
Leptonychotes_weddellii	Carnivora	Phocidae	Mammalia	EXACT	gbif 2026-09-09
Panthera_onca	Carnivora	Felidae	Mammalia	EXACT	gbif 2026-09-09
Pontoporia_blainvillei	Cetacea	Pontoporiidae	Mammalia	EXACT	gbif 2026-09-09
Camelus_ferus	Artiodactyla	Camelidae	Mammalia	HIGHERRANK	gbif 2026-09-09
Prionailurus_bengalensis_euptilurus	Carnivora	Felidae	Mammalia	EXACT	gbif 2026-09-09
Orcinus_orca	Cetacea	Delphinidae	Mammalia	EXACT	gbif 2026-09-09
Castor_canadensis	Rodentia	Castoridae	Mammalia	EXACT	gbif 2026-09-09
Manis_pentadactyla	Pholidota	Manidae	Mammalia	EXACT	gbif 2026-09-09
Ursus_thibetanus_thibetanus	Carnivora	Ursidae	Mammalia	EXACT	gbif 2026-09-09
Rhinolophus_sinicus	Chiroptera	Rhinolophidae	Mammalia	EXACT	gbif 2026-09-09
Mirounga_angustirostris	Carnivora	Phocidae	Mammalia	EXACT	gbif 2026-09-09
Mirounga_leonina	Carnivora	Phocidae	Mammalia	EXACT	gbif 2026-09-09
Lynx_canadensis	Carnivora	Felidae	Mammalia	EXACT	gbif 2026-09-09
Lynx_pardinus	Carnivora	Felidae	Mammalia	EXACT	gbif 2026-09-09
Panthera_leo	Carnivora	Felidae	Mammalia	EXACT	gbif 2026-09-09
Camelus_bactrianus	Artiodactyla	Camelidae	Mammalia	EXACT	gbif 2026-09-09
Sousa_chinensis	Cetacea	Delphinidae	Mammalia	EXACT	gbif 2026-09-09
Manis_pentadactyla	Pholidota	Manidae	Mammalia	EXACT	gbif 2026-09-09
Odobenus_rosmarus	Carnivora	Odobenidae	Mammalia	EXACT	gbif 2026-09-09
Callorhinus_ursinus	Carnivora	Otariidae	Mammalia	EXACT	gbif 2026-09-09
Odobenus_rosmarus_divergens	Carnivora	Odobenidae	Mammalia	EXACT	gbif 2026-09-09
Lama_glama	Artiodactyla	Camelidae	Mammalia	EXACT	gbif 2026-09-09
Vicugna_pacos_huacaya	Artiodactyla	Camelidae	Mammalia	EXACT	gbif 2026-09-09
Hipposideros_armiger	Chiroptera	Hipposideridae	Mammalia	EXACT	gbif 2026-09-09
Ailuropoda_melanoleuca	Carnivora	Ursidae	Mammalia	EXACT	gbif 2026-09-09
Zalophus_californianus	Carnivora	Otariidae	Mammalia	EXACT	gbif 2026-09-09
Eumetopias_jubatus	Carnivora	Otariidae	Mammalia	EXACT	gbif 2026-09-09
Felis_catus	Carnivora	Felidae	Mammalia	EXACT	gbif 2026-09-09
Puma_yagouaroundi	Carnivora	Felidae	Mammalia	EXACT	gbif 2026-09-09
Pteropus_alecto	Chiroptera	Pteropodidae	Mammalia	EXACT	gbif 2026-09-09
Ursus_arctos_horribilis	Carnivora	Ursidae	Mammalia	EXACT	gbif 2026-09-09
Ursus_maritimus	Carnivora	Ursidae	Mammalia	EXACT	gbif 2026-09-09
Globicephala_melas	Cetacea	Delphinidae	Mammalia	EXACT	gbif 2026-09-09
Peponocephala_electra	Cetacea	Delphinidae	Mammalia	EXACT	gbif 2026-09-09
Arctocephalus_gazella	Carnivora	Otariidae	Mammalia	EXACT	gbif 2026-09-09
Rhinolophus_ferrumequinum	Chiroptera	Rhinolophidae	Mammalia	EXACT	gbif 2026-09-09
Camelus_dromedarius	Artiodactyla	Camelidae	Mammalia	EXACT	gbif 2026-09-09
Lagenorhynchus_obliquidens	Cetacea	Delphinidae	Mammalia	EXACT	gbif 2026-09-09
Manis_javanica	Pholidota	Manidae	Mammalia	EXACT	gbif 2026-09-09
Pteropus_pselaphon	Chiroptera	Pteropodidae	Mammalia	EXACT	gbif 2026-09-09
Vicugna_vicugna_mensalis	Artiodactyla	Camelidae	Mammalia	HIGHERRANK	gbif 2026-09-09
Vicugna_pacos	Artiodactyla	Camelidae	Mammalia	EXACT	gbif 2026-09-09
Manis_javanica	Pholidota	Manidae	Mammalia	EXACT	gbif 2026-09-09
Lama_guanicoe_cacsilensis	Artiodactyla	Camelidae	Mammalia	HIGHERRANK	gbif 2026-09-09
Lama_glama_chaku	Artiodactyla	Camelidae	Mammalia	HIGHERRANK	gbif 2026-09-09
Tursiops_truncatus	Cetacea	Delphinidae	Mammalia	EXACT	gbif 2026-09-09
Dasypus_novemcinctus	Cingulata	Dasypodidae	Mammalia	EXACT	gbif 2026-09-09
Tursiops_aduncus	Cetacea	Delphinidae	Mammalia	EXACT	gbif 2026-09-09
Tursiops_aduncus	Cetacea	Delphinidae	Mammalia	EXACT	gbif 2026-09-09
Ursus_americanus	Carnivora	Ursidae	Mammalia	EXACT	gbif 2026-09-09
Ursus_americanus	Carnivora	Ursidae	Mammalia	EXACT	gbif 2026-09-09
Trichechus_manatus_latirostris	Sirenia	Trichechidae	Mammalia	EXACT	gbif 2026-09-09
Tadarida_brasiliensis	Chiroptera	Molossidae	Mammalia	EXACT	gbif 2026-09-09
Pteropus_vampyrus	Chiroptera	Pteropodidae	Mammalia	EXACT	gbif 2026-09-09
Tursiops_truncatus	Cetacea	Delphinidae	Mammalia	EXACT	gbif 2026-09-09
Pteropus_rufus	Chiroptera	Pteropodidae	Mammalia	EXACT	gbif 2026-09-09
Pteropus_giganteus	Chiroptera	Pteropodidae	Mammalia	EXACT	gbif 2026-09-09
Tursiops_truncatus	Cetacea	Delphinidae	Mammalia	EXACT	gbif 2026-09-09
Felis_nigripes	Carnivora	Felidae	Mammalia	EXACT	gbif 2026-09-09
Eidolon_dupreanum	Chiroptera	Pteropodidae	Mammalia	EXACT	gbif 2026-09-09
Eidolon_helvum	Chiroptera	Pteropodidae	Mammalia	EXACT	gbif 2026-09-09
Elephas_maximus	Proboscidea	Elephantidae	Mammalia	EXACT	gbif 2026-09-09
Hipposideros_galeritus	Chiroptera	Hipposideridae	Mammalia	EXACT	gbif 2026-09-09
Loxodonta_africana	Proboscidea	Elephantidae	Mammalia	EXACT	gbif 2026-09-09
Tupaia_belangeri	Scandentia	Tupaiidae	Mammalia	EXACT	gbif 2026-09-09
Cynopterus_brachyotis	Chiroptera	Pteropodidae	Mammalia	EXACT	gbif 2026-09-09
Eonycteris_spelaea	Chiroptera	Pteropodidae	Mammalia	EXACT	gbif 2026-09-09
Cryptoprocta_ferox	Carnivora	Eupleridae	Mammalia	EXACT	gbif 2026-09-09
Graphiurus_murinus	Rodentia	Gliridae	Mammalia	EXACT	gbif 2026-09-09
Myrmecophaga_tridactyla	Pilosa	Myrmecophagidae	Mammalia	EXACT	gbif 2026-09-09
Rousettus_leschenaultii	Chiroptera	Pteropodidae	Mammalia	EXACT	gbif 2026-09-09
Orycteropus_afer_afer	Tubulidentata	Orycteropodidae	Mammalia	EXACT	gbif 2026-09-09
Rousettus_aegyptiacus	Chiroptera	Pteropodidae	Mammalia	EXACT	gbif 2026-09-09
Rousettus_madagascariensis	Chiroptera	Pteropodidae	Mammalia	EXACT	gbif 2026-09-09
Vulpes_vulpes	Carnivora	Canidae	Mammalia	EXACT	gbif 2026-09-09
Canis_lupus_familiaris	Carnivora	Canidae	Mammalia	EXACT	gbif 2026-09-09
Vulpes_lagopus	Carnivora	Canidae	Mammalia	EXACT	gbif 2026-09-09
Lycaon_pictus	Carnivora	Canidae	Mammalia	EXACT	gbif 2026-09-09
Tamandua_tetradactyla	Pilosa	Myrmecophagidae	Mammalia	EXACT	gbif 2026-09-09
Canis_lupus_dingo	Carnivora	Canidae	Mammalia	EXACT	gbif 2026-09-09
Canis_lupus_familiaris	Carnivora	Canidae	Mammalia	EXACT	gbif 2026-09-09
Potos_flavus	Carnivora	Procyonidae	Mammalia	EXACT	gbif 2026-09-09
Hydrodamalis_gigas	Sirenia	Dugongidae	Mammalia	EXACT	gbif 2026-09-09
Megaderma_lyra	Chiroptera	Megadermatidae	Mammalia	EXACT	gbif 2026-09-09
Lycaon_pictus	Carnivora	Canidae	Mammalia	EXACT	gbif 2026-09-09
Ailurus_fulgens	Carnivora	Ailuridae	Mammalia	EXACT	gbif 2026-09-09
Molossus_molossus	Chiroptera	Molossidae	Mammalia	EXACT	gbif 2026-09-09
Crocuta_crocuta	Carnivora	Hyaenidae	Mammalia	EXACT	gbif 2026-09-09
Macroglossus_sobrinus	Chiroptera	Pteropodidae	Mammalia	EXACT	gbif 2026-09-09
Hyaena_hyaena	Carnivora	Hyaenidae	Mammalia	EXACT	gbif 2026-09-09
Lepus_timidus	Lagomorpha	Leporidae	Mammalia	EXACT	gbif 2026-09-09
Sus_scrofa	Artiodactyla	Suidae	Mammalia	EXACT	gbif 2026-09-09
Miniopterus_schreibersii	Chiroptera	Miniopteridae	Mammalia	EXACT	gbif 2026-09-09
Paradoxurus_hermaphroditus	Carnivora	Viverridae	Mammalia	EXACT	gbif 2026-09-09
Miniopterus_natalensis	Chiroptera	Miniopteridae	Mammalia	EXACT	gbif 2026-09-09
Lepus_americanus	Lagomorpha	Leporidae	Mammalia	EXACT	gbif 2026-09-09
Craseonycteris_thonglongyai	Chiroptera	Craseonycteridae	Mammalia	EXACT	gbif 2026-09-09
Catagonus_wagneri	Artiodactyla	Tayassuidae	Mammalia	EXACT	gbif 2026-09-09
Mormoops_blainvillei	Chiroptera	Mormoopidae	Mammalia	EXACT	gbif 2026-09-09
Oryctolagus_cuniculus_cuniculus	Lagomorpha	Leporidae	Mammalia	EXACT	gbif 2026-09-09
Pteronotus_parnellii	Chiroptera	Mormoopidae	Mammalia	EXACT	gbif 2026-09-09
Oryctolagus_cuniculus	Lagomorpha	Leporidae	Mammalia	EXACT	gbif 2026-09-09
Oryctolagus_cuniculus	Lagomorpha	Leporidae	Mammalia	EXACT	gbif 2026-09-09
Sylvilagus_bachmani	Lagomorpha	Leporidae	Mammalia	EXACT	gbif 2026-09-09
Nasua_narica	Carnivora	Procyonidae	Mammalia	EXACT	gbif 2026-09-09
Hystrix_cristata	Rodentia	Hystricidae	Mammalia	EXACT	gbif 2026-09-09
Erethizon_dorsatum	Rodentia	Erethizontidae	Mammalia	FUZZY	gbif 2026-09-09
Coendou_prehensilis	Rodentia	Erethizontidae	Mammalia	EXACT	gbif 2026-09-09
Martes_zibellina	Carnivora	Mustelidae	Mammalia	EXACT	gbif 2026-09-09
Solenodon_paradoxus	Soricomorpha	Solenodontidae	Mammalia	EXACT	gbif 2026-09-09
Gulo_gulo	Carnivora	Mustelidae	Mammalia	EXACT	gbif 2026-09-09
Procyon_lotor	Carnivora	Procyonidae	Mammalia	EXACT	gbif 2026-09-09
Bassariscus_sumichrasti	Carnivora	Procyonidae	Mammalia	EXACT	gbif 2026-09-09
Spilogale_gracilis	Carnivora	Mephitidae	Mammalia	EXACT	gbif 2026-09-09
Taxidea_taxus_jeffersonii	Carnivora	Mustelidae	Mammalia	EXACT	gbif 2026-09-09
Mellivora_capensis	Carnivora	Mustelidae	Mammalia	EXACT	gbif 2026-09-09
Muscardinus_avellanarius	Rodentia	Gliridae	Mammalia	EXACT	gbif 2026-09-09
Suricata_suricatta	Carnivora	Herpestidae	Mammalia	EXACT	gbif 2026-09-09
Suricata_suricatta	Carnivora	Herpestidae	Mammalia	EXACT	gbif 2026-09-09
Helogale_parvula	Carnivora	Herpestidae	Mammalia	EXACT	gbif 2026-09-09
Mungos_mungo	Carnivora	Herpestidae	Mammalia	EXACT	gbif 2026-09-09
Scalopus_aquaticus	Soricomorpha	Talpidae	Mammalia	EXACT	gbif 2026-09-09
Lontra_canadensis	Carnivora	Mustelidae	Mammalia	EXACT	gbif 2026-09-09
Eptesicus_fuscus	Chiroptera	Vespertilionidae	Mammalia	EXACT	gbif 2026-09-09
Pteronura_brasiliensis	Carnivora	Mustelidae	Mammalia	EXACT	gbif 2026-09-09
Pteronura_brasiliensis	Carnivora	Mustelidae	Mammalia	EXACT	gbif 2026-09-09
Enhydra_lutris_nereis	Carnivora	Mustelidae	Mammalia	EXACT	gbif 2026-09-09
Enhydra_lutris_kenyoni	Carnivora	Mustelidae	Mammalia	EXACT	gbif 2026-09-09
Lutra_lutra	Carnivora	Mustelidae	Mammalia	EXACT	gbif 2026-09-09
Myotis_myotis	Chiroptera	Vespertilionidae	Mammalia	EXACT	gbif 2026-09-09
Heterocephalus_glaber	Rodentia	Bathyergidae	Mammalia	EXACT	gbif 2026-09-09
Myotis_brandtii	Chiroptera	Vespertilionidae	Mammalia	EXACT	gbif 2026-09-09
Desmodus_rotundus	Chiroptera	Phyllostomidae	Mammalia	EXACT	gbif 2026-09-09
Talpa_occidentalis	Soricomorpha	Talpidae	Mammalia	EXACT	gbif 2026-09-09
Okapia_johnstoni	Artiodactyla	Giraffidae	Mammalia	EXACT	gbif 2026-09-09
Giraffa_camelopardalis	Artiodactyla	Giraffidae	Mammalia	EXACT	gbif 2026-09-09
Macrotus_californicus	Chiroptera	Phyllostomidae	Mammalia	EXACT	gbif 2026-09-09
Mustela_erminea	Carnivora	Mustelidae	Mammalia	EXACT	gbif 2026-09-09
Myotis_septentrionalis	Chiroptera	Vespertilionidae	Mammalia	EXACT	gbif 2026-09-09
Neovison_vison	Carnivora	Mustelidae	Mammalia	EXACT	gbif 2026-09-09
Giraffa_camelopardalis	Artiodactyla	Giraffidae	Mammalia	EXACT	gbif 2026-09-09
Giraffa_tippelskirchi	Artiodactyla	Giraffidae	Mammalia	EXACT	gbif 2026-09-09
Myotis_lucifugus	Chiroptera	Vespertilionidae	Mammalia	EXACT	gbif 2026-09-09
Myotis_lucifugus	Chiroptera	Vespertilionidae	Mammalia	EXACT	gbif 2026-09-09
Mustela_putorius	Carnivora	Mustelidae	Mammalia	EXACT	gbif 2026-09-09
Mustela_putorius_furo	Carnivora	Mustelidae	Mammalia	EXACT	gbif 2026-09-09
Leptonycteris_yerbabuenae	Chiroptera	Phyllostomidae	Mammalia	EXACT	gbif 2026-09-09
Myotis_davidii	Chiroptera	Vespertilionidae	Mammalia	EXACT	gbif 2026-09-09
Syncerus_caffer	Artiodactyla	Bovidae	Mammalia	EXACT	gbif 2026-09-09
Bubalus_bubalis	Artiodactyla	Bovidae	Mammalia	EXACT	gbif 2026-09-09
Bison_bison_bison	Artiodactyla	Bovidae	Mammalia	EXACT	gbif 2026-09-09
Moschus_berezovskii	Artiodactyla	Moschidae	Mammalia	EXACT	gbif 2026-09-09
Moschus_moschiferus	Artiodactyla	Moschidae	Mammalia	EXACT	gbif 2026-09-09
Moschus_chrysogaster	Artiodactyla	Moschidae	Mammalia	EXACT	gbif 2026-09-09
Cervus_hanglu_yarkandensis	Artiodactyla	Cervidae	Mammalia	EXACT	gbif 2026-09-09
Micronycteris_hirsuta	Chiroptera	Phyllostomidae	Mammalia	EXACT	gbif 2026-09-09
Bos_indicus	Artiodactyla	Bovidae	Mammalia	EXACT	gbif 2026-09-09
Bos_taurus	Artiodactyla	Bovidae	Mammalia	EXACT	gbif 2026-09-09
Chrysochloris_asiatica	Afrosoricida	Chrysochloridae	Mammalia	EXACT	gbif 2026-09-09
Bos_gaurus	Artiodactyla	Bovidae	Mammalia	EXACT	gbif 2026-09-09
Anoura_caudifer	Chiroptera	Phyllostomidae	Mammalia	EXACT	gbif 2026-09-09
Bos_frontalis	Artiodactyla	Bovidae	Mammalia	EXACT	gbif 2026-09-09
Bos_mutus	Artiodactyla	Bovidae	Mammalia	EXACT	gbif 2026-09-09
Przewalskium_albirostris	Artiodactyla	Cervidae	Mammalia	EXACT	gbif 2026-09-09
Murina_aurata_feae	Chiroptera	Vespertilionidae	Mammalia	HIGHERRANK	gbif 2026-09-09
Noctilio_leporinus	Chiroptera	Noctilionidae	Mammalia	EXACT	gbif 2026-09-09
Hippotragus_equinus	Artiodactyla	Bovidae	Mammalia	EXACT	gbif 2026-09-09
Hippotragus_niger_niger	Artiodactyla	Bovidae	Mammalia	EXACT	gbif 2026-09-09
Cephalophus_harveyi	Artiodactyla	Bovidae	Mammalia	EXACT	gbif 2026-09-09
Oryx_dammah	Artiodactyla	Bovidae	Mammalia	EXACT	gbif 2026-09-09
Sylvicapra_grimmia	Artiodactyla	Bovidae	Mammalia	EXACT	gbif 2026-09-09
Bos_grunniens	Artiodactyla	Bovidae	Mammalia	EXACT	gbif 2026-09-09
Philantomba_maxwellii	Artiodactyla	Bovidae	Mammalia	EXACT	gbif 2026-09-09
Oryx_gazella	Artiodactyla	Bovidae	Mammalia	EXACT	gbif 2026-09-09
Tragelaphus_strepsiceros	Artiodactyla	Bovidae	Mammalia	EXACT	gbif 2026-09-09
Muntiacus_reevesi	Artiodactyla	Cervidae	Mammalia	EXACT	gbif 2026-09-09
Antilocapra_americana	Artiodactyla	Antilocapridae	Mammalia	EXACT	gbif 2026-09-09
Connochaetes_taurinus	Artiodactyla	Bovidae	Mammalia	EXACT	gbif 2026-09-09
Tragelaphus_imberbis	Artiodactyla	Bovidae	Mammalia	EXACT	gbif 2026-09-09
Muntiacus_crinifrons	Artiodactyla	Cervidae	Mammalia	EXACT	gbif 2026-09-09
Cervus_elaphus_hippelaphus	Artiodactyla	Cervidae	Mammalia	HIGHERRANK	gbif 2026-09-09
Kobus_ellipsiprymnus	Artiodactyla	Bovidae	Mammalia	EXACT	gbif 2026-09-09
Tragelaphus_scriptus	Artiodactyla	Bovidae	Mammalia	EXACT	gbif 2026-09-09
Ammotragus_lervia	Artiodactyla	Bovidae	Mammalia	EXACT	gbif 2026-09-09
Muntiacus_muntjak	Artiodactyla	Cervidae	Mammalia	EXACT	gbif 2026-09-09
Damaliscus_lunatus	Artiodactyla	Bovidae	Mammalia	EXACT	gbif 2026-09-09
Ovis_canadensis_canadensis	Artiodactyla	Bovidae	Mammalia	EXACT	gbif 2026-09-09
Kobus_leche_leche	Artiodactyla	Bovidae	Mammalia	EXACT	gbif 2026-09-09
Capra_hircus	Artiodactyla	Bovidae	Mammalia	EXACT	gbif 2026-09-09
Capreolus_pygargus	Artiodactyla	Cervidae	Mammalia	EXACT	gbif 2026-09-09
Pantholops_hodgsonii	Artiodactyla	Bovidae	Mammalia	EXACT	gbif 2026-09-09
Capra_aegagrus	Artiodactyla	Bovidae	Mammalia	EXACT	gbif 2026-09-09
Beatragus_hunteri	Artiodactyla	Bovidae	Mammalia	EXACT	gbif 2026-09-09
Alces_alces	Artiodactyla	Cervidae	Mammalia	EXACT	gbif 2026-09-09
Aepyceros_melampus	Artiodactyla	Bovidae	Mammalia	EXACT	gbif 2026-09-09
Redunca_redunca	Artiodactyla	Bovidae	Mammalia	EXACT	gbif 2026-09-09
Odocoileus_hemionus_hemionus	Artiodactyla	Cervidae	Mammalia	EXACT	gbif 2026-09-09
Fukomys_damarensis	Rodentia	Bathyergidae	Mammalia	EXACT	gbif 2026-09-09
Capra_sibirica	Artiodactyla	Bovidae	Mammalia	EXACT	gbif 2026-09-09
Odocoileus_virginianus	Artiodactyla	Cervidae	Mammalia	EXACT	gbif 2026-09-09
Rangifer_tarandus_granti	Artiodactyla	Cervidae	Mammalia	EXACT	gbif 2026-09-09
Rangifer_tarandus	Artiodactyla	Cervidae	Mammalia	EXACT	gbif 2026-09-09
Oreotragus_oreotragus	Artiodactyla	Bovidae	Mammalia	EXACT	gbif 2026-09-09
Hydropotes_inermis	Artiodactyla	Cervidae	Mammalia	EXACT	gbif 2026-09-09
Ovis_canadensis	Artiodactyla	Bovidae	Mammalia	EXACT	gbif 2026-09-09
Ovis_nivicola_lydekkeri	Artiodactyla	Bovidae	Mammalia	HIGHERRANK	gbif 2026-09-09
Neotragus_moschatus	Artiodactyla	Bovidae	Mammalia	EXACT	gbif 2026-09-09
Odocoileus_virginianus	Artiodactyla	Cervidae	Mammalia	EXACT	gbif 2026-09-09
Odocoileus_virginianus_texanus	Artiodactyla	Cervidae	Mammalia	EXACT	gbif 2026-09-09
Hemitragus_hylocrius	Artiodactyla	Bovidae	Mammalia	EXACT	gbif 2026-09-09
Ovis_aries	Artiodactyla	Bovidae	Mammalia	EXACT	gbif 2026-09-09
Ovis_orientalis	Artiodactyla	Bovidae	Mammalia	EXACT	gbif 2026-09-09
Neotragus_pygmaeus	Artiodactyla	Bovidae	Mammalia	EXACT	gbif 2026-09-09
Nannospalax_galili	Rodentia	Muridae	Mammalia	EXACT	gbif 2026-09-09
Procapra_przewalskii	Artiodactyla	Bovidae	Mammalia	EXACT	gbif 2026-09-09
Nanger_granti	Artiodactyla	Bovidae	Mammalia	EXACT	gbif 2026-09-09
Raphicerus_campestris	Artiodactyla	Bovidae	Mammalia	EXACT	gbif 2026-09-09
Eudorcas_thomsonii	Artiodactyla	Bovidae	Mammalia	EXACT	gbif 2026-09-09
Chinchilla_lanigera	Rodentia	Chinchillidae	Mammalia	EXACT	gbif 2026-09-09
Antidorcas_marsupialis	Artiodactyla	Bovidae	Mammalia	EXACT	gbif 2026-09-09
Dasyprocta_punctata	Rodentia	Dasyproctidae	Mammalia	EXACT	gbif 2026-09-09
Ctenodactylus_gundi	Rodentia	Ctenodactylidae	Mammalia	EXACT	gbif 2026-09-09
Litocranius_walleri	Artiodactyla	Bovidae	Mammalia	EXACT	gbif 2026-09-09
Madoqua_kirkii	Artiodactyla	Bovidae	Mammalia	EXACT	gbif 2026-09-09
Carollia_perspicillata	Chiroptera	Phyllostomidae	Mammalia	EXACT	gbif 2026-09-09
Axis_porcinus	Artiodactyla	Cervidae	Mammalia	EXACT	gbif 2026-09-09
Phyllostomus_discolor	Chiroptera	Phyllostomidae	Mammalia	EXACT	gbif 2026-09-09
Tonatia_saurophila	Chiroptera	Phyllostomidae	Mammalia	EXACT	gbif 2026-09-09
Tragulus_javanicus	Artiodactyla	Tragulidae	Mammalia	EXACT	gbif 2026-09-09
Artibeus_jamaicensis	Chiroptera	Phyllostomidae	Mammalia	EXACT	gbif 2026-09-09
Artibeus_jamaicensis	Chiroptera	Phyllostomidae	Mammalia	EXACT	gbif 2026-09-09
Heterohyrax_brucei	Hyracoidea	Procaviidae	Mammalia	EXACT	gbif 2026-09-09
Uropsilus_gracilis	Soricomorpha	Talpidae	Mammalia	EXACT	gbif 2026-09-09
Procavia_capensis	Hyracoidea	Procaviidae	Mammalia	EXACT	gbif 2026-09-09
Tragulus_kanchil	Artiodactyla	Tragulidae	Mammalia	EXACT	gbif 2026-09-09
Condylura_cristata	Soricomorpha	Talpidae	Mammalia	EXACT	gbif 2026-09-09
Sturnira_hondurensis	Chiroptera	Phyllostomidae	Mammalia	EXACT	gbif 2026-09-09
Oreamnos_americanus	Artiodactyla	Bovidae	Mammalia	EXACT	gbif 2026-09-09
Allactaga_bullata	Rodentia	Dipodidae	Mammalia	EXACT	gbif 2026-09-09
Elaphurus_davidianus	Artiodactyla	Cervidae	Mammalia	EXACT	gbif 2026-09-09
Saiga_tatarica	Artiodactyla	Bovidae	Mammalia	EXACT	gbif 2026-09-09
Aeorestes_cinereus	Chiroptera	Vespertilionidae	Mammalia	EXACT	gbif 2026-09-09
Dipodomys_stephensi	Rodentia	Heteromyidae	Mammalia	EXACT	gbif 2026-09-09
Dipodomys_ordii	Rodentia	Heteromyidae	Mammalia	EXACT	gbif 2026-09-09
Tolypeutes_matacus	Cingulata	Dasypodidae	Mammalia	EXACT	gbif 2026-09-09
Rhizomys_pruinosus	Rodentia	Spalacidae	Mammalia	EXACT	gbif 2026-09-09
Antrozous_pallidus	Chiroptera	Vespertilionidae	Mammalia	EXACT	gbif 2026-09-09
Nycticeius_humeralis	Chiroptera	Vespertilionidae	Mammalia	EXACT	gbif 2026-09-09
Ovis_ammon	Artiodactyla	Bovidae	Mammalia	EXACT	gbif 2026-09-09
Capra_ibex	Artiodactyla	Bovidae	Mammalia	EXACT	gbif 2026-09-09
Dinomys_branickii	Rodentia	Dinomyidae	Mammalia	EXACT	gbif 2026-09-09
Jaculus_jaculus	Rodentia	Dipodidae	Mammalia	EXACT	gbif 2026-09-09
Zapus_hudsonius	Rodentia	Dipodidae	Mammalia	EXACT	gbif 2026-09-09
Dolichotis_patagonum	Rodentia	Caviidae	Mammalia	EXACT	gbif 2026-09-09
Lasiurus_borealis	Chiroptera	Vespertilionidae	Mammalia	EXACT	gbif 2026-09-09
Pipistrellus_kuhlii	Chiroptera	Vespertilionidae	Mammalia	EXACT	gbif 2026-09-09
Perognathus_longimembris_pacificus	Rodentia	Heteromyidae	Mammalia	EXACT	gbif 2026-09-09
Hydrochoerus_hydrochaeris	Rodentia	Caviidae	Mammalia	EXACT	gbif 2026-09-09
Pipistrellus_pipistrellus	Chiroptera	Vespertilionidae	Mammalia	EXACT	gbif 2026-09-09
Pipistrellus_pipistrellus	Chiroptera	Vespertilionidae	Mammalia	EXACT	gbif 2026-09-09
Ochotona_princeps	Lagomorpha	Ochotonidae	Mammalia	EXACT	gbif 2026-09-09
Elephantulus_edwardii	Macroscelidea	Macroscelididae	Mammalia	EXACT	gbif 2026-09-09
Cavia_aperea	Rodentia	Caviidae	Mammalia	EXACT	gbif 2026-09-09
Petromus_typicus	Rodentia	Petromuridae	Mammalia	EXACT	gbif 2026-09-09
Cavia_porcellus	Rodentia	Caviidae	Mammalia	EXACT	gbif 2026-09-09
Cavia_tschudii	Rodentia	Caviidae	Mammalia	EXACT	gbif 2026-09-09
Thryonomys_swinderianus	Rodentia	Thryonomyidae	Mammalia	EXACT	gbif 2026-09-09
Octodon_degus	Rodentia	Octodontidae	Mammalia	EXACT	gbif 2026-09-09
Cricetomys_gambianus	Rodentia	Nesomyidae	Mammalia	EXACT	gbif 2026-09-09
Neotoma_lepida	Rodentia	Cricetidae	Mammalia	EXACT	gbif 2026-09-09
Ctenomys_sociabilis	Rodentia	Ctenomyidae	Mammalia	EXACT	gbif 2026-09-09
Myocastor_coypus	Rodentia	Myocastoridae	Mammalia	EXACT	gbif 2026-09-09
Echinops_telfairi	Afrosoricida	Tenrecidae	Mammalia	EXACT	gbif 2026-09-09
Erinaceus_europaeus	Erinaceomorpha	Erinaceidae	Mammalia	EXACT	gbif 2026-09-09
Peromyscus_nasutus	Rodentia	Cricetidae	Mammalia	EXACT	gbif 2026-09-09
Cricetulus_griseus	Rodentia	Cricetidae	Mammalia	EXACT	gbif 2026-09-09
Peromyscus_crinitus	Rodentia	Cricetidae	Mammalia	EXACT	gbif 2026-09-09
Ondatra_zibethicus	Rodentia	Cricetidae	Mammalia	EXACT	gbif 2026-09-09
Peromyscus_californicus_insignis	Rodentia	Cricetidae	Mammalia	HIGHERRANK	gbif 2026-09-09
Peromyscus_eremicus	Rodentia	Cricetidae	Mammalia	EXACT	gbif 2026-09-09
Onychomys_torridus	Rodentia	Cricetidae	Mammalia	EXACT	gbif 2026-09-09
Mesocricetus_auratus	Rodentia	Cricetidae	Mammalia	EXACT	gbif 2026-09-09
Peromyscus_leucopus	Rodentia	Cricetidae	Mammalia	EXACT	gbif 2026-09-09
Ellobius_talpinus	Rodentia	Cricetidae	Mammalia	EXACT	gbif 2026-09-09
Peromyscus_polionotus_subgriseus	Rodentia	Cricetidae	Mammalia	EXACT	gbif 2026-09-09
Peromyscus_maniculatus_bairdii	Rodentia	Cricetidae	Mammalia	EXACT	gbif 2026-09-09
Sigmodon_hispidus	Rodentia	Cricetidae	Mammalia	EXACT	gbif 2026-09-09
Ellobius_lutescens	Rodentia	Cricetidae	Mammalia	EXACT	gbif 2026-09-09
Myodes_glareolus	Rodentia	Cricetidae	Mammalia	EXACT	gbif 2026-09-09
Arvicola_amphibius	Rodentia	Cricetidae	Mammalia	EXACT	gbif 2026-09-09
Psammomys_obesus	Rodentia	Muridae	Mammalia	EXACT	gbif 2026-09-09
Acomys_russatus	Rodentia	Muridae	Mammalia	EXACT	gbif 2026-09-09
Grammomys_surdaster	Rodentia	Muridae	Mammalia	HIGHERRANK	gbif 2026-09-09
Arvicanthis_niloticus	Rodentia	Muridae	Mammalia	EXACT	gbif 2026-09-09
Microtus_oeconomus	Rodentia	Cricetidae	Mammalia	EXACT	gbif 2026-09-09
Microgale_talazaci	Afrosoricida	Tenrecidae	Mammalia	EXACT	gbif 2026-09-09
Microtus_agrestis	Rodentia	Cricetidae	Mammalia	EXACT	gbif 2026-09-09
Microtus_fortis	Rodentia	Cricetidae	Mammalia	EXACT	gbif 2026-09-09
Acomys_cahirinus	Rodentia	Muridae	Mammalia	EXACT	gbif 2026-09-09
Microtus_arvalis	Rodentia	Cricetidae	Mammalia	EXACT	gbif 2026-09-09
Microtus_ochrogaster	Rodentia	Cricetidae	Mammalia	EXACT	gbif 2026-09-09
Rhombomys_opimus	Rodentia	Muridae	Mammalia	EXACT	gbif 2026-09-09
Mastomys_coucha	Rodentia	Muridae	Mammalia	EXACT	gbif 2026-09-09
Meriones_unguiculatus	Rodentia	Muridae	Mammalia	EXACT	gbif 2026-09-09
Rattus_rattus	Rodentia	Muridae	Mammalia	EXACT	gbif 2026-09-09
Rattus_norvegicus	Rodentia	Muridae	Mammalia	EXACT	gbif 2026-09-09
Rattus_norvegicus	Rodentia	Muridae	Mammalia	EXACT	gbif 2026-09-09
Mus_pahari	Rodentia	Muridae	Mammalia	EXACT	gbif 2026-09-09
Mus_caroli	Rodentia	Muridae	Mammalia	EXACT	gbif 2026-09-09
Mus_spicilegus	Rodentia	Muridae	Mammalia	EXACT	gbif 2026-09-09
Mus_musculus	Rodentia	Muridae	Mammalia	EXACT	gbif 2026-09-09
Mus_musculus	Rodentia	Muridae	Mammalia	EXACT	gbif 2026-09-09
Mus_spretus	Rodentia	Muridae	Mammalia	EXACT	gbif 2026-09-09
Apodemus_sylvaticus	Rodentia	Muridae	Mammalia	EXACT	gbif 2026-09-09
Sorex_araneus	Soricomorpha	Soricidae	Mammalia	EXACT	gbif 2026-09-09
Vombatus_ursinus	Diprotodontia	Vombatidae	Mammalia	EXACT	gbif 2026-09-09
Phascolarctos_cinereus	Diprotodontia	Phascolarctidae	Mammalia	EXACT	gbif 2026-09-09
Gracilinanus_agilis	Didelphimorphia	Didelphidae	Mammalia	EXACT	gbif 2026-09-09
Trichosurus_vulpecula	Diprotodontia	Phalangeridae	Mammalia	EXACT	gbif 2026-09-09
Didelphis_virginiana	Didelphimorphia	Didelphidae	Mammalia	EXACT	gbif 2026-09-09
Phalanger_gymnotis	Diprotodontia	Phalangeridae	Mammalia	EXACT	gbif 2026-09-09
Monodelphis_domestica	Didelphimorphia	Didelphidae	Mammalia	EXACT	gbif 2026-09-09
Gymnobelideus_leadbeateri	Diprotodontia	Petauridae	Mammalia	EXACT	gbif 2026-09-09
Thylacinus_cynocephalus	Dasyuromorphia	Thylacinidae	Mammalia	EXACT	gbif 2026-09-09
Pseudochirops_cupreus	Diprotodontia	Pseudocheiridae	Mammalia	EXACT	gbif 2026-09-09
Macropus_giganteus	Diprotodontia	Macropodidae	Mammalia	EXACT	gbif 2026-09-09
Pseudochirops_corinnae	Diprotodontia	Pseudocheiridae	Mammalia	EXACT	gbif 2026-09-09
Macropus_fuliginosus	Diprotodontia	Macropodidae	Mammalia	EXACT	gbif 2026-09-09
Notamacropus_eugenii	Diprotodontia	Macropodidae	Mammalia	EXACT	gbif 2026-09-09
Osphranter_rufus	Diprotodontia	Macropodidae	Mammalia	EXACT	gbif 2026-09-09
Pseudocheirus_occidentalis	Diprotodontia	Pseudocheiridae	Mammalia	EXACT	gbif 2026-09-09
Macropus_eugenii	Diprotodontia	Macropodidae	Mammalia	EXACT	gbif 2026-09-09
Antechinus_flavipes	Dasyuromorphia	Dasyuridae	Mammalia	EXACT	gbif 2026-09-09
Sarcophilus_harrisii	Dasyuromorphia	Dasyuridae	Mammalia	EXACT	gbif 2026-09-09
Ornithorhynchus_anatinus	Monotremata	Ornithorhynchidae	Mammalia	EXACT	gbif 2026-09-09
Tachyglossus_aculeatus	Monotremata	Tachyglossidae	Mammalia	EXACT	gbif 2026-09-09
